Nombre Institución,Titular,Teléfono,Correo,Funciones,Presupuesto 2024,Auditorías 2023,Redes,Observaciones
Secretaría de Salud Oaxaca,Dra. María López Ramírez,951 516 0000,salud@oaxaca.gob.mx,"Atención médica, vacunación, control de dengue, inspección de mercados",1200000000,"1 auditoría – sin hallazgos graves","@SaludOaxacaFB","Falta personal en zonas rurales"
Secretaría de Educación Oaxaca,Ing. José Ruiz García,951 516 0100,educacion@oaxaca.gob.mx,"Gestión escolar, becas, infraestructura educativa",2800000000,"2 auditorías – hallazgos menores","@EducacionOaxaca","Retrasos en entrega de libros en comunidades indígenas"
DIF Estatal,Oscar Hernández Morales,951 516 0200,dif@oaxaca.gob.mx,"Apoyo a niños, adultos mayores, personas con discapacidad",450000000,"1 auditoría – sin irregularidades","@DIFOaxaca","Escasez de medicamentos en centros de rehabilitación"
COESPO,Dr. Luis Mendoza Sánchez,951 516 0300,coespo@oaxaca.gob.mx,"Coordinación de transparencia, rendición de cuentas, portales de datos abiertos",120000000,"1 auditoría – cumplido","@COESPO_Oaxaca","Poca difusión en municipios pequeños"
Ayuntamiento de San Juan Bautista Tuxtepec,María González Pérez,951 517 0000,transparencia@tuxtepec.oaxaca.gob.mx,"Servicios públicos, obras, recaudación",850000000,"1 auditoría – hallazgo leve","@TuxtepecGob","Obra de agua no reportada en colonia La Esperanza"
Ayuntamiento de Santa María Jalapa,Carlos Vásquez López,951 518 0000,jalapa@oaxaca.gob.mx,"Limpieza, alumbrado, trámites municipales",320000000,"Sin auditoría","@JalapaGob","No hay horario fijo para trámites"
Ayuntamiento de Tlacolula,Ana Martínez Jiménez,951 519 0000,tlacolula@oaxaca.gob.mx,"Mercado, transporte, cultura",410000000,"1 auditoría – sin hallazgos","@TlacolulaGob","Falta información sobre contratos de limpieza"
Secretaría de Obras Públicas,Ing. Rosa Torres,951 516 0400,obras@oaxaca.gob.mx,"Carreteras, puentes, drenajes, agua potable",1800000000,"2 auditorías – 1 pendiente","@ObrasOaxaca","Retrasos en 12 proyectos por falta de supervisión"
Secretaría de Desarrollo Social,Lic. Elena Rojas,951 516 0500,desarrollo@oaxaca.gob.mx,"Programas sociales, apoyos económicos, vivienda",980000000,"1 auditoría – cumplido","@DesarrolloOaxaca","Demoras en pagos de becas"
DIF Municipal de Oaxaca City,María del Carmen Juárez,951 502 0100,difcity@oaxaca.gob.mx,"Centros de atención infantil, apoyo a madres solteras",150000000,"Sin auditoría","@DIFCityOaxaca","Falta equipo para discapacidad motriz"
Secretaría de Medio Ambiente,Dr. Raúl Gómez,951 516 0600,medioambiente@oaxaca.gob.mx,"Conservación, basura, parques, reforestación",210000000,"1 auditoría – hallazgo leve","@MedioAmbienteOax","Basura acumulada en 8 municipios"
Ayuntamiento de San Mateo Río Hondo,Juan López Reyes,951 520 0000,sanmateo@oaxaca.gob.mx,"Agua, luz, caminos, escuelas",280000000,"Sin auditoría","@SanMateoRHC","No hay acceso a internet para trámites"
Ayuntamiento de Santa Cruz Xoxocotlán,Lucía Mendoza,951 521 0000,xoxocotlan@oaxaca.gob.mx,"Registro civil, seguridad, servicios básicos",350000000,"1 auditoría – cumplido","@XoxocotlanGob","Horario reducido de registro civil"
Ayuntamiento de Teotitlán del Valle,Manuel Fernández,951 522 0000,teotitlan@oaxaca.gob.mx,"Turismo, artesanías, cultura",190000000,"Sin auditoría","@TeotitlanGob","Falta información sobre fondos turísticos"
Ayuntamiento de Miahuatlán,Beatriz Ruiz,951 523 0000,miahuatlan@oaxaca.gob.mx,"Agua, salud, educación, vialidad",240000000,"1 auditoría – pendiente","@MiahuatlanGob","Obras de agua detenidas desde 2023"
Ayuntamiento de Zimatlán,Roberto Pérez,951 524 0000,zimatlan@oaxaca.gob.mx,"Seguridad, alumbrado, mercados",260000000,"1 auditoría – cumplido","@ZimatlanGob","Poca comunicación con comunidades rurales"
Ayuntamiento de Santo Domingo Yanhuitlán,Adriana Ortiz,951 525 0000,yanhuitlan@oaxaca.gob.mx,"Cultura, turismo, infraestructura",180000000,"Sin auditoría","@YanhuitlanGob","Falta mantenimiento en templo colonial"
Ayuntamiento de Etla,Julio Méndez,951 526 0000,etla@oaxaca.gob.mx,"Educación, salud, caminos",290000000,"1 auditoría – hallazgo leve","@EtlaGob","Retraso en pago a proveedores"
Ayuntamiento de Tlaxiaco,María Delgado,951 527 0000,tlaxiaco@oaxaca.gob.mx,"Agua, salud, educación, vivienda",310000000,"1 auditoría – cumplido","@TlaxiacoGob","Falta personal en centro de salud"
Ayuntamiento de Huajuapan,Carlos Soto,951 528 0000,huajuapan@oaxaca.gob.mx,"Infraestructura, comercio, seguridad",520000000,"2 auditorías – 1 pendiente","@HuajuapanGob","Problemas con drenaje en zona norte"