Municipio,Obra,Presupuesto,Institución,Estado,Fecha de anuncio
San Juan Bautista Tuxtepec,Reforma de escuela primaria "Benito Juárez",4200000,Secretaría de Educación,Detenida,2024-03-15
Santa María Jalapa,Construcción de pozo de agua,8500000,DIF Municipal,Sin información,2024-02-10
Tlacolula,Reparación de carretera a Santa Cruz,12000000,Secretaría de Obras Públicas,En curso,2024-01-20
San Mateo Río Hondo,Instalación de luminarias,1800000,Ayuntamiento,Planificada,2024-04-05
Santa Cruz Xoxocotlán,Ampliación de centro de salud,5500000,Secretaría de Salud,Sin información,2024-03-22
Teotitlán del Valle,Mejora de mercado municipal,3200000,Ayuntamiento,Detenida,2024-02-01
Miahuatlán,Reducción de baches en calle principal,2300000,Ayuntamiento,Sin información,2024-01-15
Huajuapan,Construcción de biblioteca pública,4800000,Secretaría de Cultura,En curso,2024-03-10
Etla,Rehabilitación de plaza pública,1900000,Ayuntamiento,Planificada,2024-04-01
Zimatlán,Instalación de sistema de agua potable,6700000,Secretaría de Obras Públicas,Sin información,2024-02-28
San Juan Bautista Tuxtepec,Compra de mobiliario escolar,1200000,Secretaría de Educación,Detenida,2024-03-05
Santa María Jalapa,Construcción de cloacas,7800000,Ayuntamiento,Sin información,2024-01-30
Tlacolula,Reparación de puente peatonal,950000,Secretaría de Obras Públicas,En curso,2024-02-15
San Mateo Río Hondo,Mejora de caminos rurales,3500000,Ayuntamiento,Detenida,2024-02-20
Santa Cruz Xoxocotlán,Instalación de cámaras de vigilancia,2100000,Ayuntamiento,Sin información,2024-03-18
Teotitlán del Valle,Reforma de iglesia colonial,2500000,Secretaría de Cultura,Planificada,2024-04-10
Miahuatlán,Construcción de cancha deportiva,1400000,Ayuntamiento,Sin información,2024-03-08
Huajuapan,Refacción de centro de salud,4200000,Secretaría de Salud,En curso,2024-02-25
Etla,Revisión de red eléctrica,1100000,Ayuntamiento,Detenida,2024-03-12
Zimatlán,Reparación de drenaje pluvial,1700000,Ayuntamiento,Sin información,2024-02-10