Servicio,Lugar,Fechas/Horarios,Documentos requeridos,Tiempo estimado,Costo,Botón WhatsApp,Enlace oficial
Acta de nacimiento,Registro Civil - Av. Benito Juárez #123, Lunes a Viernes 8:00-15:00, CURP, identificación oficial, comprobante de domicilio,1 día hábil,Gratuito,"https://wa.me/529511234567?text=Quisiera%20solicitar%20mi%20acta%20de%20nacimiento%20en%20Santa%20Cruz%20Xoxocotl%C3%A1n",https://registrocivil.xoxocotlan.gob.mx
Certificado de estudios,Secretaría de Educación - Calle Morelos 45, Lunes a Viernes 9:00-14:00, Identificación, certificado anterior,2 días hábiles,Gratuito,"https://wa.me/529511234567?text=Quisiero%20mi%20certificado%20de%20estudios%20en%20Oaxaca",https://educacion.oaxaca.gob.mx
Trámite de licencia de conducir,SEDATU - Blvd. Reforma 300, Lunes a Viernes 8:00-16:00, CURP, comprobante de domicilio, exámenes médicos y teóricos,5 días hábiles,$350,"https://wa.me/529511234567?text=Quiero%20solicitar%20mi%20licencia%20de%20conducir%20en%20Oaxaca",https://sedatu.oaxaca.gob.mx
Agua potable (reporte de fugas),Diputación Municipal - Plaza de la Constitución, Lunes a Viernes 8:00-18:00, Nombre, domicilio, teléfono,24 horas,"Gratuito","https://wa.me/529511234567?text=Reporto%20una%20fuga%20de%20agua%20en%20mi%20calle%20-%20Calle%20Hidalgo%20123",https://agua.oaxaca.gob.mx
Electricidad (corte o falla),CFE - Calle 5 de Mayo 78, 24/7, Número de cliente, domicilio,Inmediato,Gratuito,"https://wa.me/529511234567?text=Reporto%20un%20corte%20de%20luz%20en%20mi%20casa%20-%20Colonia%20La%20Palma",https://www.cfe.mx
Certificado de defunción,Registro Civil - Av. Benito Juárez #123, Lunes a Viernes 8:00-15:00, Acta de nacimiento del fallecido, acta de matrimonio (si aplica), 2 testigos,1 día hábil,Gratuito,"https://wa.me/529511234567?text=Quiero%20mi%20certificado%20de%20defuncion%20para%20tramites%20legales",https://registrocivil.oaxaca.gob.mx
Vacunación contra COVID-19,Unidad de Salud - Calle Independencia 200, Lunes a Viernes 8:00-16:00, CURP, identificación, 18 años o más,Inmediato,Gratuito,"https://wa.me/529511234567?text=Quiero%20vacunarme%20contra%20el%20COVID-19%20en%20mi%20municipio",https://salud.oaxaca.gob.mx
Trámite de credencial de elector,IFE/Organismo Electoral - Plaza de la Constitución, Lunes a Viernes 9:00-17:00, Comprobante de domicilio, CURP, identificación,7 días hábiles,Gratuito,"https://wa.me/529511234567?text=Quiero%20mi%20credencial%20de%20elector%20en%20Oaxaca",https://www.ine.mx
Solicitud de apoyo alimentario,DIF Municipal - Calle Juárez 50, Lunes a Viernes 8:00-14:00, Identificación, comprobante de ingresos, número de hijos,3 días hábiles,Gratuito,"https://wa.me/529511234567?text=Quiero%20solicitar%20apoyo%20alimentario%20para%20mi%20familia",https://dif.oaxaca.gob.mx
Registro de nacimiento en casa,Oficina de Registro Civil móvil, Según programación, Parto documentado, testigos,1 semana,"Gratuito","https://wa.me/529511234567?text=Quiero%20que%20vengan%20a%20registrarme%20la%20nacimiento%20en%20mi%20casa",https://registrocivil.oaxaca.gob.mx
Beca escolar,Secretaría de Educación - Calle Morelos 45, Abril y septiembre, Certificado de estudios, comprobante de ingresos,15 días hábiles,Gratuito,"https://wa.me/529511234567?text=Quiero%20solicitar%20la%20beca%20escolar%20para%20mi%20hijo",https://educacion.oaxaca.gob.mx
Reparación de bache,Secretaría de Obras Públicas - Blvd. Reforma 300, 24/7, Dirección exacta, foto (opcional),72 horas,Gratuito,"https://wa.me/529511234567?text=Reporto%20un%20bache%20en%20la%20calle%20Morelos%20123%2C%20Oaxaca",https://obras.oaxaca.gob.mx
Consulta médica gratuita,Unidad de Salud - Calle Independencia 200, Lunes a Viernes 8:00-16:00, CURP, identificación,Inmediato,Gratuito,"https://wa.me/529511234567?text=Quiero%20una%20consulta%20medica%20gratuita%20en%20mi%20municipio",https://salud.oaxaca.gob.mx
Cuidado de adultos mayores,DIF Municipal - Calle Juárez 50, Lunes a Viernes 9:00-15:00, Identificación, comprobante de edad,1 día hábil,Gratuito,"https://wa.me/529511234567?text=Quiero%20ayuda%20para%20mi%20abuelo%20mayor%20de%20edad",https://dif.oaxaca.gob.mx
Permiso para eventos públicos,Ayuntamiento - Plaza de la Constitución, Lunes a Viernes 9:00-16:00, Plan de evento, seguro, identificación,5 días hábiles,$150,"https://wa.me/529511234567?text=Quiero%20permiso%20para%20un%20evento%20comunitario%20en%20mi%20colonias",https://gobierno.oaxaca.gob.mx
Solicitud de luz solar,Secretaría de Energía - Calle Reforma 300, Lunes a Viernes 9:00-14:00, Domicilio, comprobante de propiedad,30 días,Gratuito,"https://wa.me/529511234567?text=Quiero%20instalar%20luz%20solar%20en%20mi%20casa%20en%20una%20comunidad%20rural",https://energia.oaxaca.gob.mx
Acceso a internet comunitario,Secretaría de Tecnología - Calle Juárez 50, Lunes a Viernes 9:00-17:00, Nombre, domicilio, justificación,15 días,Gratuito,"https://wa.me/529511234567?text=Quiero%20internet%20para%20mi%20comunidad%20indigena",https://tecnologia.oaxaca.gob.mx
Trámite de cédula profesional,Secretaría de Educación - Calle Morelos 45, Lunes a Viernes 9:00-15:00, Título universitario, CURP, constancia de estudios,30 días,$120,"https://wa.me/529511234567?text=Quiero%20mi%20cedula%20profesional%20en%20Oaxaca",https://educacion.oaxaca.gob.mx
Denuncia de violencia familiar,DIF Municipal - Calle Juárez 50, 24/7, Identificación, descripción del caso,Inmediato,Gratuito,"https://wa.me/529511234567?text=Estoy%20sufriendo%20violencia%20familiar%20y%20necesito%20ayuda",https://dif.oaxaca.gob.mx
Solicitud de apoyo para discapacidad,DIF Municipal - Calle Juárez 50, Lunes a Viernes 8:00-14:00, Certificado médico, identificación,15 días,Gratuito,"https://wa.me/529511234567?text=Quiero%20apoyo%20para%20mi%20hijo%20con%20discapacidad",https://dif.oaxaca.gob.mx
Trámite de matrimonio civil,Registro Civil - Av. Benito Juárez #123, Lunes a Viernes 8:00-15:00, Acta de nacimiento, identificación, testigos,7 días hábiles,Gratuito,"https://wa.me/529511234567?text=Quiero%20casarme%20civilmente%20en%20Oaxaca",https://registrocivil.oaxaca.gob.mx
Asesoría jurídica gratuita,COESPO - Calle Reforma 300, Lunes a Viernes 9:00-15:00, Identificación, descripción del caso,1 semana,Gratuito,"https://wa.me/529511234567?text=Quiero%20asesoria%20juridica%20gratuita%20sobre%20derechos%20ciudadanos",https://coespo.oaxaca.gob.mx
Recogida de basura,Secretaría de Medio Ambiente - Calle Independencia 200, 24/7, Dirección exacta, nombre,Inmediato,Gratuito,"https://wa.me/529511234567?text=No%20pasan%20a%20recoger%20la%20basura%20en%20mi%20calle%20-%20Calle%20Hidalgo%20123",https://medioambiente.oaxaca.gob.mx
Solicitud de agua potable en casa,Secretaría de Obras Públicas - Blvd. Reforma 300, Lunes a Viernes 8:00-18:00, Domicilio, identificación,30 días,Gratuito,"https://wa.me/529511234567?text=Quiero%20agua%20potable%20en%20mi%20casa%20-%20Colonia%20La%20Palma",https://agua.oaxaca.gob.mx
Trámite de pasaporte,Oficina de Pasaportes - Av. Juárez 250, Lunes a Viernes 8:00-16:00, Acta de nacimiento, identificación, comprobante de domicilio,15 días,$800,"https://wa.me/529511234567?text=Quiero%20mi%20pasaporte%20en%20Oaxaca",https://secretariadeexterior.gob.mx
Campaña de esterilización animal,DIF Municipal - Calle Juárez 50, Sábado 9:00-16:00, Identificación del animal, vacunas al día,Inmediato,Gratuito,"https://wa.me/529511234567?text=Quiero%20esterilizar%20a%20mi%20perro%20en%20la%20campaña%20gratuita",https://dif.oaxaca.gob.mx
Trámite de pensión para adultos mayores,Secretaría de Desarrollo Social - Calle Reforma 300, Lunes a Viernes 8:00-15:00, CURP, comprobante de residencia, 65+ años,15 días,Gratuito,"https://wa.me/529511234567?text=Quiero%20mi%20pension%20para%20adultos%20mayores%20en%20Oaxaca",https://desarrollosocial.oaxaca.gob.mx
Censo de población,INE - Oficinas móviles, Segundo trimestre, Identificación, domicilio,Inmediato,Gratuito,"https://wa.me/529511234567?text=Quiero%20participar%20en%20el%20censo%20de%20poblacion%20en%20mi%20comunidad",https://ine.mx
Trámite de carnet de discapacidad,DIF Municipal - Calle Juárez 50, Lunes a Viernes 8:00-14:00, Certificado médico, identificación,15 días,Gratuito,"https://wa.me/529511234567?text=Quiero%20mi%20carnet%20de%20discapacidad%20en%20Oaxaca",https://dif.oaxaca.gob.mx